{
    "ScriptDirectory":  "content",
    "DeployFile":  {
                       "PackagePath":  "deploy.ps1"
                   },
    "PreScripts":  [

                   ],
    "PostScripts":  [

                    ],
    "ConfigurationFile":  {
                              "PackagePath":  "dbops.config.json"
                          },
    "Builds":  [
                   {
                       "Build":  "2023.03.23.224619",
                       "CreatedDate":  "Thursday, March 23, 2023 10:46:19 PM",
                       "PackagePath":  "2023.03.23.224619",
                       "Scripts":  [
                                       {
                                           "PackagePath":  "Scripts\\Script0001-initial.sql",
                                           "Hash":  "0xFD9D1A76A1CCE44DCA34A4A592A118A3"
                                       }
                                   ]
                   }
               ],
    "Slim":  false
}