{
    "ScriptDirectory":  "content",
    "DeployFile":  {
                       "PackagePath":  "deploy.ps1"
                   },
    "PreScripts":  [

                   ],
    "PostScripts":  [

                    ],
    "ConfigurationFile":  {
                              "PackagePath":  "dbops.config.json"
                          },
    "Builds":  [
                   {
                       "Build":  "2023.03.23.132738",
                       "CreatedDate":  "Thursday, March 23, 2023 1:36:31 PM",
                       "PackagePath":  "2023.03.23.132738",
                       "Scripts":  [

                                   ]
                   },
                   {
                       "Build":  "1.0",
                       "CreatedDate":  "Thursday, March 23, 2023 1:36:31 PM",
                       "PackagePath":  "1.0",
                       "Scripts":  [
                                       {
                                           "PackagePath":  "Scripts\\Script0001-initial.sql",
                                           "Hash":  "0xFD9D1A76A1CCE44DCA34A4A592A118A3"
                                       }
                                   ]
                   },
                   {
                       "Build":  "1.1",
                       "CreatedDate":  "Thursday, March 23, 2023 1:36:31 PM",
                       "PackagePath":  "1.1",
                       "Scripts":  [
                                       {
                                           "PackagePath":  "Scripts\\Script0002-test.sql",
                                           "Hash":  "0xDE51F35D71BFE547669081D3DD338999"
                                       }
                                   ]
                   },
                   {
                       "Build":  "1.2",
                       "CreatedDate":  "Thursday, March 23, 2023 1:36:31 PM",
                       "PackagePath":  "1.2",
                       "Scripts":  [
                                       {
                                           "PackagePath":  "Scripts\\Script0003-test-again.sql",
                                           "Hash":  "0xAEBE45F3256FD42E9B40B2C88F784B5B"
                                       }
                                   ]
                   }
               ],
    "Slim":  false
}