{
    "Database":  null,
    "ApplicationName":  "dbops",
    "CreateDatabase":  true,
    "ConnectionString":  "#{connectionString}",
    "Password":  null,
    "Silent":  false,
    "DeploymentMethod":  "SingleTransaction",
    "Credential":  null,
    "Username":  null,
    "Variables":  null,
    "ConnectionTimeout":  30,
    "SqlInstance":  "localhost",
    "SchemaVersionTable":  "SchemaVersions",
    "ExecutionTimeout":  0,
    "Schema":  null,
    "Encrypt":  false,
    "ConnectionAttribute":  null
}